{
   "dashboards": [{
      "autoswitchEnabled": false,
      "columnCount": 1,
      "columnProportion": "1",
      "creationTime": 1555679464630,
      "dashboardNavigations": {},
      "description": "",
      "disabled": false,
      "gridsterMaxColumns": 12,
      "hidden": false,
      "homeTab": false,
      "id": "ca0ab65e-3e32-4ffa-a1de-2943a4028ac0",
      "importAttempts": 0,
      "importComplete": true,
      "isDefault": false,
      "locked": false,
      "name": "tkopton-Certificate-Check",
      "rank": 137,
      "shared": false,
      "states": [],
      "temporary": false,
      "userId": "3c6e818d-c6e8-4f92-8cec-5cbeb54c56cc",
      "widgetInteractions": [],
      "widgets": [
         {
            "collapsed": false,
            "config": {
               "boxColumns": 3,
               "boxHeight": null,
               "customFilter": {
                  "excludedResources": null,
                  "filter": [{
                     "filterTypes": [{
                        "condition": "CONTAINS",
                        "filterType": "resourceName",
                        "resourceName": "Certificate"
                     }],
                     "resourceKind": "002014EP Ops AdapterScript"
                  }],
                  "includedResources": null
               },
               "depth": 1,
               "labelSize": 16,
               "maxCellCount": 100,
               "metric": {
                  "mode": "resourceKind",
                  "resourceKindMetrics": [{
                     "colorMethod": 0,
                     "id": "extModel1723-1",
                     "isStringMetric": false,
                     "label": "Days until expiration",
                     "link": "",
                     "metricKey": "UTILIZATION|ResultValue",
                     "metricName": "UTILIZATION|Result Value",
                     "metricUnitId": "Days",
                     "orangeBound": 30,
                     "redBound": 15,
                     "resourceKindId": "resourceKind:id:0_::_",
                     "resourceKindName": "Script",
                     "unit": "Days",
                     "yellowBound": 60
                  }],
                  "resourceMetrics": [],
                  "subMode": "resourceKindAll"
               },
               "mode": {"layoutMode": "fixedView"},
               "oldMetricValues": false,
               "periodLength": null,
               "refreshContent": {"refreshContent": false},
               "refreshInterval": 300,
               "relationshipMode": {"relationshipMode": 0},
               "resInteractionMode": null,
               "resource": [],
               "roundDecimals": null,
               "selfProvider": {"selfProvider": true},
               "showDT": {"showDT": true},
               "showMetricName": {"showMetricName": true},
               "showMetricUnit": {"showMetricUnit": true},
               "showResourceName": {"showResourceName": true},
               "showSparkline": {"showSparkline": false},
               "title": "SSL/TLS Remaining Validity in Days",
               "valueSize": 24,
               "visualTheme": 5
            },
            "gridsterCoords": {
               "h": 5,
               "w": 9,
               "x": 1,
               "y": 1
            },
            "height": 267,
            "id": "5c3bab89-257c-4d10-88f7-f890255cc192",
            "title": "SSL/TLS Remaining Validity in Days",
            "type": "Scoreboard"
         },
         {
            "collapsed": false,
            "config": {
               "boxColumns": 3,
               "boxHeight": null,
               "customFilter": {
                  "excludedResources": null,
                  "filter": [{
                     "filterTypes": [{
                        "condition": "CONTAINS",
                        "filterType": "resourceName",
                        "resourceName": "ExtCert"
                     }],
                     "resourceKind": "002014EP Ops AdapterScript"
                  }],
                  "includedResources": null
               },
               "depth": 1,
               "labelSize": 16,
               "maxCellCount": 100,
               "metric": {
                  "mode": "resourceKind",
                  "resourceKindMetrics": [{
                     "colorMethod": 0,
                     "id": "extModel3103-1",
                     "isStringMetric": false,
                     "label": "Days until expiration",
                     "link": "",
                     "metricKey": "UTILIZATION|ResultValue",
                     "metricName": "UTILIZATION|Result Value",
                     "metricUnitId": "Days",
                     "orangeBound": 60,
                     "redBound": 30,
                     "resourceKindId": "resourceKind:id:0_::_",
                     "resourceKindName": "Script",
                     "unit": "Days",
                     "yellowBound": 90
                  }],
                  "resourceMetrics": [],
                  "subMode": "resourceKindAll"
               },
               "mode": {"layoutMode": "fixedView"},
               "oldMetricValues": false,
               "periodLength": null,
               "refreshContent": {"refreshContent": false},
               "refreshInterval": 300,
               "relationshipMode": {"relationshipMode": 0},
               "resInteractionMode": null,
               "resource": [],
               "roundDecimals": null,
               "selfProvider": {"selfProvider": true},
               "showDT": {"showDT": true},
               "showMetricName": {"showMetricName": true},
               "showMetricUnit": {"showMetricUnit": true},
               "showResourceName": {"showResourceName": true},
               "showSparkline": {"showSparkline": false},
               "title": "SSL/TLS External Endpoints - Remaining Validity in Days",
               "valueSize": 24,
               "visualTheme": 5
            },
            "gridsterCoords": {
               "h": 4,
               "w": 9,
               "x": 1,
               "y": 6
            },
            "height": 210,
            "id": "7957e48f-df2a-456b-8ca1-fbb647d12862",
            "title": "SSL/TLS External Endpoints - Remaining Validity in Days",
            "type": "Scoreboard"
         }
      ]
   }],
   "entries": {"resourceKind": [{
      "adapterKindKey": "EP Ops Adapter",
      "internalId": "resourceKind:id:0_::_",
      "resourceKindKey": "Script"
   }]},
   "uuid": "9f2b86ef-b01a-4217-b98c-6d1048538509"
}